task,track,model,target,horizon,n_predictions,n_folds_used,n_features_after_track,positive_rate,accuracy,average_precision,brier,log_loss,roc_auc
classification,D-mini,logit,USREC,1,2340,39,15,0.07991452991452991,0.9405982905982906,0.7524442960060752,0.0486457700862459,0.22482423042744898,0.9334096683895868
classification,B,logit,USREC,1,2340,39,6,0.07991452991452991,0.8205128205128205,0.49494534111426763,0.12398730847128861,0.4183753694956117,0.8720328058597505
classification,D-mini,logit,USREC,3,2340,39,15,0.07905982905982906,0.9102564102564102,0.5191205131487794,0.07222622198169115,0.29144537887289435,0.9123872828745218
classification,B,logit,USREC,3,2340,39,6,0.07905982905982906,0.8311965811965812,0.3399621292092702,0.11763698554325037,0.4088259154194504,0.8362300119144667
